User_Id,Name,Age,Gender,Location
1,Ade Taiwo,28,Male,Lagos
2,Mary Johnson,34,Female,Abuja
3,Samuel Peters,22,Male,Kano
4,Ada Obi,30,Female,Enugu
5,Grace Yusuf,26,Female,Ibadan
6,Emeka Uzo,40,Male,Port Harcourt
7,Tunde Ajayi,24,Male,Lagos
8,Bola Ade,31,Female,Abeokuta
9,Fatima Musa,27,Female,Abuja
10,Chinedu Eze,35,Male,Owerri
11,Ngozi Nnamdi,29,Female,Onitsha
12,Ibrahim Sule,33,Male,Kaduna
13,Peace Akpan,21,Female,Uyo
14,Segun Bello,37,Male,Lagos
15,Oluwakemi Adebayo,25,Female,Ilorin
16,David Okoro,32,Male,Benin
17,Hauwa Abdullahi,27,Female,Sokoto
18,Kelvin Bright,23,Male,Jos
19,Rita Johnson,36,Female,Abuja
20,Collins Ojo,29,Male,Lagos
21,Sadiya Ibrahim,28,Female,Kano
22,Abdulrahman Bello,31,Male,Kaduna
23,Chika Nwosu,24,Female,Enugu
24,Olamide Fashola,26,Male,Lagos
25,Halima Abubakar,35,Female,Sokoto
26,Ikechukwu Nwankwo,38,Male,Onitsha
27,Uchechi Eze,22,Female,Owerri
28,Musa Abdullahi,30,Male,Abuja
29,Funke Akinola,33,Female,Ibadan
30,Chukwuemeka Obi,27,Male,Enugu
31,Aisha Sule,25,Female,Kano
32,Tayo Adeyemi,29,Male,Lagos
33,Ngozi Okafor,31,Female,Onitsha
34,Oluwaseun Adesanya,28,Male,Ilorin
35,Hauwa Lawal,34,Female,Abuja
36,Emmanuel Akpan,36,Male,Uyo
37,Fatimah Bello,23,Female,Kaduna
38,David Oladipo,39,Male,Lagos
39,Rita Chukwu,32,Female,Enugu
40,Ahmed Musa,24,Male,Kano
41,Chinwe Obi,27,Female,Onitsha
42,Tunde Olatunji,35,Male,Lagos
43,Blessing Nwachukwu,28,Female,Owerri
44,Abubakar Yusuf,33,Male,Sokoto
45,Yetunde Adeola,26,Female,Abeokuta
46,Ibrahim Lawal,31,Male,Kaduna
47,Chidimma Eze,29,Female,Enugu
48,Solomon Okeke,38,Male,Lagos
49,Amina Abubakar,25,Female,Sokoto
50,Tosin Ajayi,27,Male,Lagos
51,Ngozi Ude,30,Female,Onitsha
52,Emeka Nnamdi,34,Male,Owerri
53,Ruth Adebayo,28,Female,Ilorin
54,Bashir Mohammed,29,Male,Kaduna
55,Chinonso Okeke,26,Female,Enugu
56,Adewale Ojo,32,Male,Lagos
57,Halima Umar,24,Female,Kano
58,Emmanuel Obi,37,Male,Owerri
59,Blessing Okechukwu,28,Female,Onitsha
60,Tunde Balogun,35,Male,Lagos
61,Aisha Ahmed,30,Female,Abuja
62,Ibrahim Adamu,31,Male,Sokoto
63,Ngozi Chukwuma,27,Female,Enugu
64,Samuel Okonkwo,25,Male,Onitsha
65,Ruth Eze,29,Female,Owerri
66,Oluwaseyi Femi,33,Male,Ilorin
67,Fatimah Abiola,26,Female,Lagos
68,David Eze,36,Male,Enugu
69,Chinyere Nwafor,28,Female,Onitsha
70,Abdul Rahman Lawal,34,Male,Kaduna
71,Yetunde Oladipo,25,Female,Lagos
72,Chukwudi Uzo,32,Male,Port Harcourt
73,Hauwa Abubakar,23,Female,Sokoto
74,Segun Olusegun,38,Male,Lagos
75,Ngozi Anichebe,29,Female,Owerri
76,Oluwatobi Adeyemi,27,Male,Ilorin
77,Chidinma Okafor,31,Female,Onitsha
78,Ahmed Bello,35,Male,Kano
79,Rita Nwosu,26,Female,Enugu
80,Emeka Okeke,33,Male,Lagos
81,Uchechi Chukwu,28,Female,Owerri
82,Tosin Olatunji,24,Male,Lagos
83,Halima Sule,30,Female,Sokoto
84,David Adebayo,36,Male,Ilorin
85,Chinwe Obi,29,Female,Onitsha
86,Ibrahim Yusuf,31,Male,Kaduna
87,Blessing Nwankwo,27,Female,Enugu
88,Oluwaseun Adeola,28,Male,Lagos
89,Hauwa Lawal,32,Female,Abuja
90,Segun Akinwale,34,Male,Lagos
91,Amina Mohammed,25,Female,Kano
92,Chukwuemeka Okoro,37,Male,Onitsha
93,Ruth Nnamdi,28,Female,Owerri
94,Tunde Ajibola,33,Male,Lagos
95,Ngozi Eze,26,Female,Enugu
96,Emmanuel Okeke,30,Male,Owerri
97,Chinwe Ude,27,Female,Onitsha
98,Ibrahim Abdullahi,32,Male,Sokoto
99,Yetunde Adeyemi,29,Female,Ilorin
100,Chidimma Nwachukwu,25,Female,Owerri
101,Solomon Ojo,35,Male,Lagos
102,Aisha Bello,28,Female,Kano
103,Tosin Okoro,31,Male,Lagos
104,Ngozi Adebayo,30,Female,Onitsha
105,Emeka Chukwuma,34,Male,Enugu
106,Ruth Adeola,27,Female,Ilorin
107,Bashir Yusuf,28,Male,Sokoto
108,Chinonso Nwankwo,26,Female,Enugu
109,Adewale Balogun,33,Male,Lagos
110,Halima Adamu,24,Female,Kano
111,Emmanuel Okafor,37,Male,Onitsha
112,Blessing Ude,29,Female,Owerri
113,Tunde Adeyemi,35,Male,Lagos
114,Aisha Lawal,30,Female,Abuja
115,Ibrahim Bello,31,Male,Kaduna
116,Ngozi Eze,27,Female,Enugu
117,Samuel Obi,25,Male,Onitsha
118,Ruth Nwachukwu,29,Female,Owerri
119,Oluwaseyi Adeola,33,Male,Ilorin
120,Fatimah Okeke,26,Female,Lagos
121,David Nnamdi,36,Male,Enugu
122,Chinyere Obi,28,Female,Onitsha
123,Abdulrahman Yusuf,34,Male,Kaduna
124,Yetunde Adeyemi,25,Female,Lagos
125,Chukwudi Okoro,32,Male,Port Harcourt
126,Hauwa Abubakar,23,Female,Sokoto
127,Segun Adeola,38,Male,Lagos
128,Ngozi Anya,29,Female,Owerri
129,Oluwatobi Fashola,27,Male,Ilorin
130,Chidinma Okeke,31,Female,Onitsha
131,Ahmed Lawal,35,Male,Kano
132,Rita Nwafor,26,Female,Enugu
133,Emeka Uzo,33,Male,Lagos
134,Uchechi Obi,28,Female,Owerri
135,Tosin Ajayi,24,Male,Lagos
136,Halima Suleiman,30,Female,Sokoto
137,David Adeyemi,36,Male,Ilorin
138,Chinwe Chukwuma,29,Female,Onitsha
139,Ibrahim Adamu,31,Male,Kaduna
140,Blessing Okoro,27,Female,Enugu
141,Oluwaseun Okeke,28,Male,Lagos
142,Hauwa Mohammed,32,Female,Abuja
143,Segun Ojo,34,Male,Lagos
144,Amina Sule,25,Female,Kano
145,Chukwuemeka Nwosu,37,Male,Onitsha
146,Ruth Eze,28,Female,Owerri
147,Tunde Okoro,33,Male,Lagos
148,Ngozi Obi,26,Female,Enugu
149,Emmanuel Nwachukwu,30,Male,Owerri
150,Chinwe Adeola,27,Female,Onitsha
151,Ibrahim Yusuf,32,Male,Sokoto
152,Yetunde Balogun,29,Female,Ilorin
153,Chidimma Okafor,25,Female,Owerri
154,Solomon Adeyemi,35,Male,Lagos
155,Aisha Abdullahi,28,Female,Kano
156,Tosin Nwankwo,31,Male,Lagos
157,Ngozi Adebayo,30,Female,Onitsha
158,Emeka Lawal,34,Male,Enugu
159,Ruth Nnamdi,27,Female,Ilorin
160,Bashir Adamu,29,Male,Sokoto
161,Chinonso Eze,27,Female,Enugu
162,Adewale Okeke,33,Male,Lagos
163,Halima Yusuf,24,Female,Kano
164,Emmanuel Nwosu,37,Male,Onitsha
165,Blessing Chukwu,28,Female,Owerri
166,Tunde Ojo,35,Male,Lagos
167,Aisha Bello,30,Female,Abuja
168,Ibrahim Adeyemi,31,Male,Kaduna
169,Ngozi Ude,27,Female,Enugu
170,Samuel Nwachukwu,25,Male,Onitsha
171,Ruth Okafor,29,Female,Owerri
172,Oluwaseyi Lawal,33,Male,Ilorin
173,Fatimah Adeola,26,Female,Lagos
174,David Okeke,36,Male,Enugu
175,Chinyere Nnamdi,28,Female,Onitsha
176,Abdulrahman Abdullahi,34,Male,Kaduna
177,Yetunde Ojo,25,Female,Lagos
178,Chukwudi Eze,32,Male,Port Harcourt
179,Hauwa Mohammed,23,Female,Sokoto
180,Segun Nwankwo,38,Male,Lagos
181,Ngozi Obi,29,Female,Owerri
182,Oluwatobi Okeke,27,Male,Ilorin
183,Chidinma Adeyemi,31,Female,Onitsha
184,Ahmed Yusuf,35,Male,Kano
185,Rita Nwachukwu,26,Female,Enugu
186,Emeka Okoro,33,Male,Lagos
187,Uchechi Lawal,28,Female,Owerri
188,Tosin Adeola,24,Male,Lagos
189,Halima Nwosu,30,Female,Sokoto
190,David Okafor,36,Male,Ilorin
191,Chinwe Yusuf,29,Female,Onitsha
192,Ibrahim Nwachukwu,31,Male,Kaduna
193,Blessing Eze,27,Female,Enugu
194,Oluwaseun Adeyemi,28,Male,Lagos
195,Hauwa Okeke,32,Female,Abuja
196,Segun Olatunji,34,Male,Lagos
197,Amina Nwankwo,25,Female,Kano
198,Chukwuemeka Obi,37,Male,Onitsha
199,Ruth Adeola,28,Female,Owerri
200,Tunde Lawal,33,Male,Lagos
201,Ngozi Balogun,26,Female,Enugu
202,Emmanuel Okeke,30,Male,Owerri
203,Chinwe Nwachukwu,27,Female,Onitsha
204,Ibrahim Adeola,32,Male,Sokoto
205,Yetunde Okafor,29,Female,Ilorin
206,Chidimma Yusuf,25,Female,Owerri
207,Solomon Nwosu,35,Male,Lagos
208,Aisha Okeke,28,Female,Kano
209,Tosin Adeyemi,31,Male,Lagos
210,Ngozi Lawal,30,Female,Onitsha
211,Emeka Adeola,34,Male,Enugu
212,Ruth Ojo,27,Female,Ilorin
213,Bashir Okeke,29,Male,Sokoto
214,Chinonso Adeyemi,27,Female,Enugu
215,Adewale Nwachukwu,33,Male,Lagos
216,Halima Okoro,24,Female,Kano
217,Emmanuel Lawal,37,Male,Onitsha
218,Blessing Nnamdi,28,Female,Owerri
219,Tunde Yusuf,35,Male,Lagos
220,Aisha Okeke,30,Female,Abuja
221,Ibrahim Nwosu,31,Male,Kaduna
222,Ngozi Adeola,27,Female,Enugu
223,Samuel Obi,25,Male,Onitsha
224,Ruth Eze,29,Female,Owerri
225,Oluwaseyi Adeyemi,33,Male,Ilorin
226,Fatimah Lawal,26,Female,Lagos
227,David Nwachukwu,36,Male,Enugu
228,Chinyere Okeke,28,Female,Onitsha
229,Abdulrahman Yusuf,34,Male,Kaduna
230,Yetunde Obi,25,Female,Lagos
231,Chukwudi Adeola,32,Male,Port Harcourt
232,Hauwa Okeke,23,Female,Sokoto
233,Segun Nwosu,38,Male,Lagos
234,Ngozi Lawal,29,Female,Owerri
235,Oluwatobi Nwachukwu,27,Male,Ilorin
236,Chidinma Yusuf,31,Female,Onitsha
237,Ahmed Adeyemi,35,Male,Kano
238,Rita Okeke,26,Female,Enugu
239,Emeka Adeola,33,Male,Lagos
240,Uchechi Okoro,28,Female,Owerri
241,Tosin Nwosu,24,Male,Lagos
242,Halima Adeyemi,30,Female,Sokoto
243,David Yusuf,36,Male,Ilorin
244,Chinwe Adeola,29,Female,Onitsha
245,Ibrahim Okeke,31,Male,Kaduna
246,Blessing Nwachukwu,27,Female,Enugu
247,Oluwaseun Lawal,28,Male,Lagos
248,Hauwa Adeyemi,32,Female,Abuja
249,Segun Okeke,34,Male,Lagos
250,Amina Nwachukwu,25,Female,Kano
251,Chukwuemeka Lawal,37,Male,Onitsha
252,Ruth Yusuf,28,Female,Owerri
253,Tunde Adeola,33,Male,Lagos
254,Ngozi Okeke,26,Female,Enugu
255,Emmanuel Adeyemi,30,Male,Owerri
256,Chinwe Lawal,27,Female,Onitsha
257,Ibrahim Adeola,32,Male,Sokoto
258,Yetunde Okeke,29,Female,Ilorin
259,Chidimma Nwachukwu,25,Female,Owerri
260,Solomon Adeyemi,35,Male,Lagos
261,Aisha Lawal,28,Female,Kano
262,Tosin Okeke,31,Male,Lagos
263,Ngozi Adeola,30,Female,Onitsha
264,Emeka Yusuf,34,Male,Enugu
265,Ruth Adeyemi,27,Female,Ilorin
266,Bashir Adeola,29,Male,Sokoto
267,Chinonso Okeke,27,Female,Enugu
268,Adewale Yusuf,33,Male,Lagos
269,Halima Nwachukwu,24,Female,Kano
270,Emmanuel Adeola,37,Male,Onitsha
271,Blessing Okeke,28,Female,Owerri
272,Tunde Nwachukwu,35,Male,Lagos
273,Aisha Adeyemi,30,Female,Abuja
274,Ibrahim Okeke,31,Male,Kaduna
275,Ngozi Adeyemi,27,Female,Enugu
276,Samuel Adeola,25,Male,Onitsha
277,Ruth Yusuf,29,Female,Owerri
278,Oluwaseyi Okeke,33,Male,Ilorin
279,Fatimah Adeyemi,26,Female,Lagos
280,David Adeola,36,Male,Enugu
281,Chinyere Nwachukwu,28,Female,Onitsha
282,Abdulrahman Okeke,34,Male,Kaduna
283,Yetunde Adeola,25,Female,Lagos
284,Chukwudi Yusuf,32,Male,Port Harcourt
285,Hauwa Adeyemi,23,Female,Sokoto
286,Segun Adeola,38,Male,Lagos
287,Ngozi Okeke,29,Female,Owerri
288,Oluwatobi Yusuf,27,Male,Ilorin
289,Chidinma Adeola,31,Female,Onitsha
290,Ahmed Nwachukwu,35,Male,Kano
291,Rita Adeyemi,26,Female,Enugu
292,Emeka Okeke,33,Male,Lagos
293,Uchechi Adeola,28,Female,Owerri
294,Tosin Yusuf,24,Male,Lagos
295,Halima Adeola,30,Female,Sokoto
296,David Okeke,36,Male,Ilorin
297,Chinwe Adeyemi,29,Female,Onitsha
298,Ibrahim Adeyemi,31,Male,Kaduna
299,Blessing Yusuf,27,Female,Enugu
300,Oluwaseun Okeke,28,Male,Lagos
301,Hauwa Nwachukwu,32,Female,Abuja
302,Segun Yusuf,34,Male,Lagos
303,Amina Adeyemi,25,Female,Kano
304,Chukwuemeka Adeola,37,Male,Onitsha
305,Ruth Okeke,28,Female,Owerri
306,Tunde Adeola,33,Male,Lagos
307,Ngozi Yusuf,26,Female,Enugu
308,Emmanuel Okeke,30,Male,Owerri
309,Chinwe Adeola,27,Female,Onitsha
310,Ibrahim Okeke,32,Male,Sokoto
311,Yetunde Yusuf,29,Female,Ilorin
312,Chidimma Adeyemi,25,Female,Owerri
313,Solomon Okeke,35,Male,Lagos
314,Aisha Adeola,28,Female,Kano
315,Tosin Adeyemi,31,Male,Lagos
316,Ngozi Okeke,30,Female,Onitsha
317,Emeka Adeyemi,34,Male,Enugu
318,Ruth Yusuf,27,Female,Ilorin
319,Bashir Lawal,28,Male,Sokoto
320,Chinonso Adeola,27,Female,Enugu
321,Adewale Okafor,33,Male,Lagos
322,Halima Yusuf,24,Female,Kano
323,Emmanuel Nwachukwu,37,Male,Onitsha
324,Blessing Okeke,28,Female,Owerri
325,Tunde Adeola,35,Male,Lagos
326,Aisha Nwosu,30,Female,Abuja
327,Ibrahim Adeyemi,31,Male,Kaduna
328,Ngozi Lawal,27,Female,Enugu
329,Samuel Okeke,25,Male,Onitsha
330,Ruth Adeyemi,29,Female,Owerri
331,Oluwaseyi Yusuf,33,Male,Ilorin
332,Fatimah Okeke,26,Female,Lagos
333,David Adeyemi,36,Male,Enugu
334,Chinyere Adeola,28,Female,Onitsha
335,Abdulrahman Nwachukwu,34,Male,Kaduna
336,Yetunde Okeke,25,Female,Lagos
337,Chukwudi Adeyemi,32,Male,Port Harcourt
338,Hauwa Adeola,23,Female,Sokoto
339,Segun Okeke,38,Male,Lagos
340,Ngozi Yusuf,29,Female,Owerri
341,Oluwatobi Adeyemi,27,Male,Ilorin
342,Chidinma Okeke,31,Female,Onitsha
343,Ahmed Adeola,35,Male,Kano
344,Rita Yusuf,26,Female,Enugu
345,Emeka Adeyemi,33,Male,Lagos
346,Uchechi Okeke,28,Female,Owerri
347,Tosin Adeola,24,Male,Lagos
348,Halima Okeke,30,Female,Sokoto
349,David Yusuf,36,Male,Ilorin
350,Chinwe Adeyemi,29,Female,Onitsha
351,Ibrahim Okeke,31,Male,Kaduna
352,Blessing Adeola,27,Female,Enugu
353,Oluwaseun Yusuf,28,Male,Lagos
354,Hauwa Adeyemi,32,Female,Abuja
355,Segun Adeola,34,Male,Lagos
356,Amina Okeke,25,Female,Kano
357,Chukwuemeka Yusuf,37,Male,Onitsha
358,Ruth Adeyemi,28,Female,Owerri
359,Tunde Okeke,33,Male,Lagos
360,Ngozi Adeyemi,26,Female,Enugu
361,Emmanuel Adeola,30,Male,Owerri
362,Chinwe Okeke,27,Female,Onitsha
363,Ibrahim Adeyemi,32,Male,Sokoto
364,Yetunde Okeke,29,Female,Ilorin
365,Chidimma Yusuf,25,Female,Owerri
366,Solomon Adeyemi,35,Male,Lagos
367,Aisha Okeke,28,Female,Kano
368,Tosin Adeyemi,31,Male,Lagos
369,Ngozi Yusuf,30,Female,Onitsha
370,Emeka Okeke,34,Male,Enugu
371,Ruth Adeyemi,27,Female,Ilorin